Gender,Married,Dependents,Education,Self_Employed,ApplicantIncome,CoapplicantIncome,LoanAmount,Loan_Amount_Term,Credit_History,Property_Area,Loan_Status,Total_Income
Male,No,0,Graduate,No,5849,0.0,128.0,360.0,1.0,Urban,1,5849.0
Male,Yes,1,Graduate,No,4583,1508.0,128.0,360.0,1.0,Rural,0,6091.0
Male,Yes,0,Graduate,Yes,3000,0.0,66.0,360.0,1.0,Urban,1,3000.0
Male,Yes,0,Not Graduate,No,2583,2358.0,120.0,360.0,1.0,Urban,1,4941.0
Male,No,0,Graduate,No,6000,0.0,141.0,360.0,1.0,Urban,1,6000.0
Male,Yes,2,Graduate,Yes,5417,4196.0,267.0,360.0,1.0,Urban,1,9613.0
Male,Yes,0,Not Graduate,No,2333,1516.0,95.0,360.0,1.0,Urban,1,3849.0
Male,Yes,3+,Graduate,No,3036,2504.0,158.0,360.0,0.0,Semiurban,0,5540.0
Male,Yes,2,Graduate,No,4006,1526.0,168.0,360.0,1.0,Urban,1,5532.0
Male,Yes,1,Graduate,No,12841,10968.0,349.0,360.0,1.0,Semiurban,0,23809.0
Male,Yes,2,Graduate,No,3200,700.0,70.0,360.0,1.0,Urban,1,3900.0
Male,Yes,2,Graduate,No,2500,1840.0,109.0,360.0,1.0,Urban,1,4340.0
Male,Yes,2,Graduate,No,3073,8106.0,200.0,360.0,1.0,Urban,1,11179.0
Male,No,0,Graduate,No,1853,2840.0,114.0,360.0,1.0,Rural,0,4693.0
Male,Yes,2,Graduate,No,1299,1086.0,17.0,120.0,1.0,Urban,1,2385.0
Male,No,0,Graduate,No,4950,0.0,125.0,360.0,1.0,Urban,1,4950.0
Male,No,1,Not Graduate,No,3596,0.0,100.0,240.0,1.0,Urban,1,3596.0
Female,No,0,Graduate,No,3510,0.0,76.0,360.0,0.0,Urban,0,3510.0
Male,Yes,0,Not Graduate,No,4887,0.0,133.0,360.0,1.0,Rural,0,4887.0
Male,Yes,0,Graduate,No,2600,3500.0,115.0,360.0,1.0,Urban,1,6100.0
Male,Yes,0,Not Graduate,No,7660,0.0,104.0,360.0,0.0,Urban,0,7660.0
Male,Yes,1,Graduate,No,5955,5625.0,315.0,360.0,1.0,Urban,1,11580.0
Male,Yes,0,Not Graduate,No,2600,1911.0,116.0,360.0,0.0,Semiurban,0,4511.0
Male,Yes,2,Not Graduate,No,3365,1917.0,112.0,360.0,0.0,Rural,0,5282.0
Male,Yes,1,Graduate,No,3717,2925.0,151.0,360.0,1.0,Semiurban,0,6642.0
Male,Yes,0,Graduate,Yes,9560,0.0,191.0,360.0,1.0,Semiurban,1,9560.0
Male,Yes,0,Graduate,No,2799,2253.0,122.0,360.0,1.0,Semiurban,1,5052.0
Male,Yes,2,Not Graduate,No,4226,1040.0,110.0,360.0,1.0,Urban,1,5266.0
Male,No,0,Not Graduate,No,1442,0.0,35.0,360.0,1.0,Urban,0,1442.0
Female,No,2,Graduate,No,3750,2083.0,120.0,360.0,1.0,Semiurban,1,5833.0
Male,Yes,1,Graduate,No,4166,3369.0,201.0,360.0,1.0,Urban,0,7535.0
Male,No,0,Graduate,No,3167,0.0,74.0,360.0,1.0,Urban,0,3167.0
Male,No,1,Graduate,Yes,4692,0.0,106.0,360.0,1.0,Rural,0,4692.0
Male,Yes,0,Graduate,No,3500,1667.0,114.0,360.0,1.0,Semiurban,1,5167.0
Male,No,3+,Graduate,No,12500,3000.0,320.0,360.0,1.0,Rural,0,15500.0
Male,Yes,0,Graduate,No,2275,2067.0,128.0,360.0,1.0,Urban,1,4342.0
Male,Yes,0,Graduate,No,1828,1330.0,100.0,360.0,0.0,Urban,0,3158.0
Female,Yes,0,Graduate,No,3667,1459.0,144.0,360.0,1.0,Semiurban,1,5126.0
Male,No,0,Graduate,No,4166,7210.0,184.0,360.0,1.0,Urban,1,11376.0
Male,No,0,Not Graduate,No,3748,1668.0,110.0,360.0,1.0,Semiurban,1,5416.0
Male,No,0,Graduate,No,3600,0.0,80.0,360.0,1.0,Urban,0,3600.0
Male,No,0,Graduate,No,1800,1213.0,47.0,360.0,1.0,Urban,1,3013.0
Male,Yes,0,Graduate,No,2400,0.0,75.0,360.0,1.0,Urban,1,2400.0
Male,Yes,0,Graduate,No,3941,2336.0,134.0,360.0,1.0,Semiurban,1,6277.0
Male,Yes,0,Not Graduate,Yes,4695,0.0,96.0,360.0,1.0,Urban,1,4695.0
Female,No,0,Graduate,No,3410,0.0,88.0,360.0,1.0,Urban,1,3410.0
Male,Yes,1,Graduate,No,5649,0.0,44.0,360.0,1.0,Urban,1,5649.0
Male,Yes,0,Graduate,No,5821,0.0,144.0,360.0,1.0,Urban,1,5821.0
Female,Yes,0,Graduate,No,2645,3440.0,120.0,360.0,0.0,Urban,0,6085.0
Female,No,0,Graduate,No,4000,2275.0,144.0,360.0,1.0,Semiurban,1,6275.0
Female,Yes,0,Not Graduate,No,1928,1644.0,100.0,360.0,1.0,Semiurban,1,3572.0
Female,No,0,Graduate,No,3086,0.0,120.0,360.0,1.0,Semiurban,1,3086.0
Female,No,0,Graduate,No,4230,0.0,112.0,360.0,1.0,Semiurban,0,4230.0
Male,Yes,2,Graduate,No,4616,0.0,134.0,360.0,1.0,Urban,0,4616.0
Female,Yes,1,Graduate,Yes,11500,0.0,286.0,360.0,0.0,Urban,0,11500.0
Male,Yes,2,Graduate,No,2708,1167.0,97.0,360.0,1.0,Semiurban,1,3875.0
Male,Yes,0,Graduate,No,2132,1591.0,96.0,360.0,1.0,Semiurban,1,3723.0
Male,Yes,0,Graduate,No,3366,2200.0,135.0,360.0,1.0,Rural,0,5566.0
Male,Yes,1,Graduate,No,8080,2250.0,180.0,360.0,1.0,Urban,1,10330.0
Male,Yes,2,Not Graduate,No,3357,2859.0,144.0,360.0,1.0,Urban,1,6216.0
Male,Yes,0,Graduate,No,2500,3796.0,120.0,360.0,1.0,Urban,1,6296.0
Male,Yes,3+,Graduate,No,3029,0.0,99.0,360.0,1.0,Urban,1,3029.0
Male,Yes,0,Not Graduate,Yes,2609,3449.0,165.0,180.0,0.0,Rural,0,6058.0
Male,Yes,1,Graduate,No,4945,0.0,128.0,360.0,0.0,Rural,0,4945.0
Female,No,0,Graduate,No,4166,0.0,116.0,360.0,0.0,Semiurban,0,4166.0
Male,Yes,0,Graduate,No,5726,4595.0,258.0,360.0,1.0,Semiurban,0,10321.0
Male,No,0,Not Graduate,No,3200,2254.0,126.0,180.0,0.0,Urban,0,5454.0
Male,Yes,1,Graduate,No,10750,0.0,312.0,360.0,1.0,Urban,1,10750.0
Male,Yes,3+,Not Graduate,Yes,7100,0.0,125.0,60.0,1.0,Urban,1,7100.0
Female,No,0,Graduate,No,4300,0.0,136.0,360.0,0.0,Semiurban,0,4300.0
Male,Yes,0,Graduate,No,3208,3066.0,172.0,360.0,1.0,Urban,1,6274.0
Male,Yes,2,Not Graduate,Yes,1875,1875.0,97.0,360.0,1.0,Semiurban,1,3750.0
Male,No,0,Graduate,No,3500,0.0,81.0,300.0,1.0,Semiurban,1,3500.0
Male,Yes,3+,Not Graduate,No,4755,0.0,95.0,360.0,0.0,Semiurban,0,4755.0
Male,Yes,3+,Graduate,Yes,5266,1774.0,187.0,360.0,1.0,Semiurban,1,7040.0
Male,No,0,Graduate,No,3750,0.0,113.0,480.0,1.0,Urban,0,3750.0
Male,No,0,Graduate,No,3750,4750.0,176.0,360.0,1.0,Urban,0,8500.0
Male,Yes,1,Graduate,Yes,1000,3022.0,110.0,360.0,1.0,Urban,0,4022.0
Male,Yes,3+,Graduate,No,3167,4000.0,180.0,300.0,0.0,Semiurban,0,7167.0
Male,Yes,3+,Not Graduate,Yes,3333,2166.0,130.0,360.0,1.0,Semiurban,1,5499.0
Female,No,0,Graduate,No,3846,0.0,111.0,360.0,1.0,Semiurban,1,3846.0
Male,Yes,1,Graduate,Yes,2395,0.0,128.0,360.0,1.0,Semiurban,1,2395.0
Female,Yes,2,Graduate,No,1378,1881.0,167.0,360.0,1.0,Urban,0,3259.0
Male,Yes,0,Graduate,No,6000,2250.0,265.0,360.0,1.0,Semiurban,0,8250.0
Male,Yes,1,Graduate,No,3988,0.0,50.0,240.0,1.0,Urban,1,3988.0
Male,No,0,Graduate,No,2366,2531.0,136.0,360.0,1.0,Semiurban,1,4897.0
Male,Yes,2,Not Graduate,No,3333,2000.0,99.0,360.0,1.0,Semiurban,1,5333.0
Male,Yes,0,Graduate,No,2500,2118.0,104.0,360.0,1.0,Semiurban,1,4618.0
Male,No,0,Graduate,No,8566,0.0,210.0,360.0,1.0,Urban,1,8566.0
Male,Yes,0,Graduate,No,5695,4167.0,175.0,360.0,1.0,Semiurban,1,9862.0
Male,Yes,0,Graduate,No,2958,2900.0,131.0,360.0,1.0,Semiurban,1,5858.0
Male,Yes,2,Graduate,No,6250,5654.0,188.0,180.0,1.0,Semiurban,1,11904.0
Male,Yes,2,Not Graduate,No,3273,1820.0,81.0,360.0,1.0,Urban,1,5093.0
Male,No,0,Graduate,No,4133,0.0,122.0,360.0,1.0,Semiurban,1,4133.0
Male,No,0,Not Graduate,No,3620,0.0,25.0,120.0,1.0,Semiurban,1,3620.0
Male,No,0,Graduate,No,6782,0.0,128.0,360.0,1.0,Urban,0,6782.0
Female,Yes,0,Graduate,No,2484,2302.0,137.0,360.0,1.0,Semiurban,1,4786.0
Male,Yes,0,Graduate,No,1977,997.0,50.0,360.0,1.0,Semiurban,1,2974.0
Male,Yes,0,Not Graduate,No,4188,0.0,115.0,180.0,1.0,Semiurban,1,4188.0
Male,Yes,0,Graduate,No,1759,3541.0,131.0,360.0,1.0,Semiurban,1,5300.0
Male,Yes,2,Not Graduate,No,4288,3263.0,133.0,180.0,1.0,Urban,1,7551.0
Male,No,0,Graduate,No,4843,3806.0,151.0,360.0,1.0,Semiurban,1,8649.0
Male,Yes,0,Graduate,No,13650,0.0,128.0,360.0,1.0,Urban,1,13650.0
Male,Yes,0,Graduate,No,4652,3583.0,128.0,360.0,1.0,Semiurban,1,8235.0
Male,Yes,0,Graduate,No,3816,754.0,160.0,360.0,1.0,Urban,1,4570.0
Male,Yes,1,Graduate,No,3052,1030.0,100.0,360.0,1.0,Urban,1,4082.0
Male,Yes,2,Graduate,No,11417,1126.0,225.0,360.0,1.0,Urban,1,12543.0
Male,No,0,Not Graduate,No,7333,0.0,120.0,360.0,1.0,Rural,0,7333.0
Male,Yes,2,Graduate,No,3800,3600.0,216.0,360.0,0.0,Urban,0,7400.0
Male,Yes,3+,Not Graduate,No,2071,754.0,94.0,480.0,1.0,Semiurban,1,2825.0
Male,No,0,Graduate,No,5316,0.0,136.0,360.0,1.0,Urban,1,5316.0
Female,Yes,0,Graduate,No,2929,2333.0,139.0,360.0,1.0,Semiurban,1,5262.0
Male,Yes,0,Not Graduate,No,3572,4114.0,152.0,360.0,0.0,Rural,0,7686.0
Female,No,1,Graduate,Yes,7451,0.0,128.0,360.0,1.0,Semiurban,1,7451.0
Male,No,0,Graduate,No,5050,0.0,118.0,360.0,1.0,Semiurban,1,5050.0
Male,Yes,1,Graduate,No,14583,0.0,185.0,180.0,1.0,Rural,1,14583.0
Female,Yes,0,Graduate,No,3167,2283.0,154.0,360.0,1.0,Semiurban,1,5450.0
Male,Yes,1,Graduate,No,2214,1398.0,85.0,360.0,1.0,Urban,1,3612.0
Male,Yes,0,Graduate,No,5568,2142.0,175.0,360.0,1.0,Rural,0,7710.0
Female,No,0,Graduate,No,10408,0.0,259.0,360.0,1.0,Urban,1,10408.0
Male,Yes,0,Graduate,No,5667,2667.0,180.0,360.0,1.0,Rural,1,8334.0
Female,No,0,Graduate,No,4166,0.0,44.0,360.0,1.0,Semiurban,1,4166.0
Female,No,0,Graduate,No,2137,8980.0,137.0,360.0,0.0,Semiurban,1,11117.0
Male,Yes,2,Graduate,No,2957,0.0,81.0,360.0,1.0,Semiurban,1,2957.0
Male,Yes,0,Not Graduate,No,4300,2014.0,194.0,360.0,1.0,Rural,1,6314.0
Female,No,0,Graduate,No,3692,0.0,93.0,360.0,1.0,Rural,1,3692.0
Male,Yes,3+,Graduate,No,23803,0.0,370.0,360.0,1.0,Rural,1,23803.0
Male,No,0,Graduate,No,3865,1640.0,128.0,360.0,1.0,Rural,1,5505.0
Male,Yes,1,Graduate,Yes,10513,3850.0,160.0,180.0,0.0,Urban,0,14363.0
Male,Yes,0,Graduate,No,6080,2569.0,182.0,360.0,1.0,Rural,0,8649.0
Male,No,0,Graduate,Yes,20166,0.0,650.0,480.0,1.0,Urban,1,20166.0
Male,No,0,Graduate,No,2014,1929.0,74.0,360.0,1.0,Urban,1,3943.0
Male,No,0,Graduate,No,2718,0.0,70.0,360.0,1.0,Semiurban,1,2718.0
Male,Yes,0,Graduate,Yes,3459,0.0,25.0,120.0,1.0,Semiurban,1,3459.0
Male,No,0,Graduate,No,4895,0.0,102.0,360.0,1.0,Semiurban,1,4895.0
Male,Yes,3+,Graduate,No,4000,7750.0,290.0,360.0,1.0,Semiurban,0,11750.0
Female,Yes,0,Graduate,No,4583,0.0,84.0,360.0,1.0,Rural,0,4583.0
Male,Yes,2,Graduate,Yes,3316,3500.0,88.0,360.0,1.0,Urban,1,6816.0
Male,No,0,Graduate,No,14999,0.0,242.0,360.0,0.0,Semiurban,0,14999.0
Male,Yes,2,Not Graduate,No,4200,1430.0,129.0,360.0,1.0,Rural,0,5630.0
Male,Yes,2,Graduate,No,5042,2083.0,185.0,360.0,1.0,Rural,0,7125.0
Male,No,0,Graduate,No,5417,0.0,168.0,360.0,1.0,Urban,1,5417.0
Male,No,0,Graduate,Yes,6950,0.0,175.0,180.0,1.0,Semiurban,1,6950.0
Male,Yes,0,Graduate,No,2698,2034.0,122.0,360.0,1.0,Semiurban,1,4732.0
Male,Yes,2,Graduate,No,11757,0.0,187.0,180.0,1.0,Urban,1,11757.0
Female,Yes,0,Graduate,No,2330,4486.0,100.0,360.0,1.0,Semiurban,1,6816.0
Female,Yes,2,Graduate,No,14866,0.0,70.0,360.0,1.0,Urban,1,14866.0
Male,Yes,1,Graduate,No,1538,1425.0,30.0,360.0,1.0,Urban,1,2963.0
Female,No,0,Graduate,No,10000,1666.0,225.0,360.0,1.0,Rural,0,11666.0
Male,Yes,0,Graduate,No,4860,830.0,125.0,360.0,1.0,Semiurban,1,5690.0
Male,No,0,Graduate,No,6277,0.0,118.0,360.0,0.0,Rural,0,6277.0
Male,Yes,0,Graduate,Yes,2577,3750.0,152.0,360.0,1.0,Rural,1,6327.0
Male,No,0,Graduate,No,9166,0.0,244.0,360.0,1.0,Urban,0,9166.0
Male,Yes,2,Not Graduate,No,2281,0.0,113.0,360.0,1.0,Rural,0,2281.0
Male,No,0,Graduate,No,3254,0.0,50.0,360.0,1.0,Urban,1,3254.0
Male,Yes,3+,Graduate,No,39999,0.0,600.0,180.0,0.0,Semiurban,1,39999.0
Male,Yes,1,Graduate,No,6000,0.0,160.0,360.0,1.0,Rural,1,6000.0
Male,Yes,1,Graduate,No,9538,0.0,187.0,360.0,1.0,Urban,1,9538.0
Male,No,0,Graduate,No,2980,2083.0,120.0,360.0,1.0,Rural,1,5063.0
Male,Yes,0,Graduate,No,4583,5625.0,255.0,360.0,1.0,Semiurban,1,10208.0
Male,Yes,0,Not Graduate,No,1863,1041.0,98.0,360.0,1.0,Semiurban,1,2904.0
Male,Yes,0,Graduate,No,7933,0.0,275.0,360.0,1.0,Urban,0,7933.0
Male,Yes,1,Graduate,No,3089,1280.0,121.0,360.0,0.0,Semiurban,0,4369.0
Male,Yes,2,Graduate,No,4167,1447.0,158.0,360.0,1.0,Rural,1,5614.0
Male,Yes,0,Graduate,No,9323,0.0,75.0,180.0,1.0,Urban,1,9323.0
Male,Yes,0,Graduate,No,3707,3166.0,182.0,360.0,1.0,Rural,1,6873.0
Female,Yes,0,Graduate,No,4583,0.0,112.0,360.0,1.0,Rural,0,4583.0
Male,Yes,0,Graduate,No,2439,3333.0,129.0,360.0,1.0,Rural,1,5772.0
Male,No,0,Graduate,No,2237,0.0,63.0,480.0,0.0,Semiurban,0,2237.0
Male,Yes,2,Graduate,No,8000,0.0,200.0,360.0,1.0,Semiurban,1,8000.0
Male,Yes,0,Not Graduate,No,1820,1769.0,95.0,360.0,1.0,Rural,1,3589.0
Male,Yes,3+,Graduate,No,51763,0.0,700.0,300.0,1.0,Urban,1,51763.0
Male,Yes,3+,Not Graduate,No,3522,0.0,81.0,180.0,1.0,Rural,0,3522.0
Male,Yes,0,Graduate,No,5708,5625.0,187.0,360.0,1.0,Semiurban,1,11333.0
Male,Yes,0,Not Graduate,Yes,4344,736.0,87.0,360.0,1.0,Semiurban,0,5080.0
Male,Yes,0,Graduate,No,3497,1964.0,116.0,360.0,1.0,Rural,1,5461.0
Male,Yes,2,Graduate,No,2045,1619.0,101.0,360.0,1.0,Rural,1,3664.0
Male,Yes,3+,Graduate,No,5516,11300.0,495.0,360.0,0.0,Semiurban,0,16816.0
Male,Yes,1,Graduate,No,3750,0.0,116.0,360.0,1.0,Semiurban,1,3750.0
Male,No,0,Not Graduate,No,2333,1451.0,102.0,480.0,0.0,Urban,0,3784.0
Male,Yes,1,Graduate,No,6400,7250.0,180.0,360.0,0.0,Urban,0,13650.0
Male,No,0,Graduate,No,1916,5063.0,67.0,360.0,1.0,Rural,0,6979.0
Male,Yes,0,Graduate,No,4600,0.0,73.0,180.0,1.0,Semiurban,1,4600.0
Male,Yes,1,Graduate,No,33846,0.0,260.0,360.0,1.0,Semiurban,0,33846.0
Female,Yes,0,Graduate,No,3625,0.0,108.0,360.0,1.0,Semiurban,1,3625.0
Male,Yes,0,Graduate,Yes,39147,4750.0,120.0,360.0,1.0,Semiurban,1,43897.0
Male,Yes,1,Graduate,Yes,2178,0.0,66.0,300.0,0.0,Rural,0,2178.0
Male,Yes,0,Graduate,No,2383,2138.0,58.0,360.0,1.0,Rural,1,4521.0
Male,Yes,0,Graduate,Yes,674,5296.0,168.0,360.0,1.0,Rural,1,5970.0
Male,Yes,0,Graduate,No,9328,0.0,188.0,180.0,1.0,Rural,1,9328.0
Male,No,0,Not Graduate,No,4885,0.0,48.0,360.0,1.0,Rural,1,4885.0
Male,No,0,Graduate,No,12000,0.0,164.0,360.0,1.0,Semiurban,0,12000.0
Male,Yes,0,Not Graduate,No,6033,0.0,160.0,360.0,1.0,Urban,0,6033.0
Male,No,0,Graduate,No,3858,0.0,76.0,360.0,1.0,Semiurban,1,3858.0
Male,No,0,Graduate,No,4191,0.0,120.0,360.0,1.0,Rural,1,4191.0
Male,Yes,1,Graduate,No,3125,2583.0,170.0,360.0,1.0,Semiurban,0,5708.0
Male,No,0,Graduate,No,8333,3750.0,187.0,360.0,1.0,Rural,1,12083.0
Female,No,0,Not Graduate,No,1907,2365.0,120.0,360.0,1.0,Urban,1,4272.0
Female,Yes,0,Graduate,No,3416,2816.0,113.0,360.0,1.0,Semiurban,1,6232.0
Male,No,0,Graduate,Yes,11000,0.0,83.0,360.0,1.0,Urban,0,11000.0
Male,Yes,1,Not Graduate,No,2600,2500.0,90.0,360.0,1.0,Semiurban,1,5100.0
Male,No,2,Graduate,No,4923,0.0,166.0,360.0,0.0,Semiurban,1,4923.0
Male,Yes,3+,Not Graduate,No,3992,0.0,128.0,180.0,1.0,Urban,0,3992.0
Male,Yes,1,Not Graduate,No,3500,1083.0,135.0,360.0,1.0,Urban,1,4583.0
Male,Yes,2,Not Graduate,No,3917,0.0,124.0,360.0,1.0,Semiurban,1,3917.0
Female,No,0,Not Graduate,No,4408,0.0,120.0,360.0,1.0,Semiurban,1,4408.0
Female,No,0,Graduate,No,3244,0.0,80.0,360.0,1.0,Urban,1,3244.0
Male,No,0,Not Graduate,No,3975,2531.0,55.0,360.0,1.0,Rural,1,6506.0
Male,No,0,Graduate,No,2479,0.0,59.0,360.0,1.0,Urban,1,2479.0
Male,No,0,Graduate,No,3418,0.0,127.0,360.0,1.0,Semiurban,0,3418.0
Female,No,0,Graduate,No,10000,0.0,214.0,360.0,1.0,Semiurban,0,10000.0
Male,Yes,3+,Graduate,No,3430,1250.0,128.0,360.0,0.0,Semiurban,0,4680.0
Male,Yes,1,Graduate,Yes,7787,0.0,240.0,360.0,1.0,Urban,1,7787.0
Male,Yes,3+,Not Graduate,Yes,5703,0.0,130.0,360.0,1.0,Rural,1,5703.0
Male,Yes,0,Graduate,No,3173,3021.0,137.0,360.0,1.0,Urban,1,6194.0
Male,Yes,3+,Not Graduate,No,3850,983.0,100.0,360.0,1.0,Semiurban,1,4833.0
Male,Yes,0,Graduate,No,150,1800.0,135.0,360.0,1.0,Rural,0,1950.0
Male,Yes,0,Graduate,No,3727,1775.0,131.0,360.0,1.0,Semiurban,1,5502.0
Male,Yes,2,Graduate,No,5000,0.0,72.0,360.0,0.0,Semiurban,0,5000.0
Female,Yes,2,Graduate,No,4283,2383.0,127.0,360.0,1.0,Semiurban,1,6666.0
Male,Yes,0,Graduate,No,2221,0.0,60.0,360.0,0.0,Urban,0,2221.0
Male,Yes,2,Graduate,No,4009,1717.0,116.0,360.0,1.0,Semiurban,1,5726.0
Male,No,0,Graduate,No,2971,2791.0,144.0,360.0,1.0,Semiurban,1,5762.0
Male,Yes,0,Graduate,No,7578,1010.0,175.0,360.0,1.0,Semiurban,1,8588.0
Male,Yes,0,Graduate,No,6250,0.0,128.0,360.0,1.0,Semiurban,1,6250.0
Male,Yes,0,Graduate,No,3250,0.0,170.0,360.0,1.0,Rural,0,3250.0
Male,Yes,0,Not Graduate,Yes,4735,0.0,138.0,360.0,1.0,Urban,0,4735.0
Male,Yes,2,Graduate,No,6250,1695.0,210.0,360.0,1.0,Semiurban,1,7945.0
Male,Yes,0,Graduate,No,4758,0.0,158.0,480.0,1.0,Semiurban,1,4758.0
Male,No,0,Graduate,Yes,6400,0.0,200.0,360.0,1.0,Rural,1,6400.0
Male,Yes,1,Graduate,No,2491,2054.0,104.0,360.0,1.0,Semiurban,1,4545.0
Male,Yes,0,Graduate,No,3716,0.0,42.0,180.0,1.0,Rural,1,3716.0
Male,No,0,Not Graduate,No,3189,2598.0,120.0,360.0,1.0,Rural,1,5787.0
Female,No,0,Graduate,No,8333,0.0,280.0,360.0,1.0,Semiurban,1,8333.0
Male,Yes,1,Graduate,No,3155,1779.0,140.0,360.0,1.0,Semiurban,1,4934.0
Male,Yes,1,Graduate,No,5500,1260.0,170.0,360.0,1.0,Rural,1,6760.0
Male,Yes,0,Graduate,No,5746,0.0,255.0,360.0,1.0,Urban,0,5746.0
Female,No,0,Graduate,Yes,3463,0.0,122.0,360.0,1.0,Urban,1,3463.0
Female,No,1,Graduate,No,3812,0.0,112.0,360.0,1.0,Rural,1,3812.0
Male,Yes,1,Graduate,No,3315,0.0,96.0,360.0,1.0,Semiurban,1,3315.0
Male,Yes,2,Graduate,No,5819,5000.0,120.0,360.0,1.0,Rural,1,10819.0
Male,Yes,1,Not Graduate,No,2510,1983.0,140.0,180.0,1.0,Urban,0,4493.0
Male,No,0,Graduate,No,2965,5701.0,155.0,60.0,1.0,Urban,1,8666.0
Male,Yes,2,Graduate,Yes,6250,1300.0,108.0,360.0,1.0,Rural,1,7550.0
Male,Yes,0,Not Graduate,No,3406,4417.0,123.0,360.0,1.0,Semiurban,1,7823.0
Male,No,0,Graduate,Yes,6050,4333.0,120.0,180.0,1.0,Urban,0,10383.0
Male,Yes,2,Graduate,No,9703,0.0,112.0,360.0,1.0,Urban,1,9703.0
Male,Yes,1,Not Graduate,No,6608,0.0,137.0,180.0,1.0,Urban,1,6608.0
Male,Yes,1,Graduate,No,2882,1843.0,123.0,480.0,1.0,Semiurban,1,4725.0
Male,Yes,0,Graduate,No,1809,1868.0,90.0,360.0,1.0,Urban,1,3677.0
Male,Yes,0,Not Graduate,No,1668,3890.0,201.0,360.0,0.0,Semiurban,0,5558.0
Female,No,2,Graduate,No,3427,0.0,138.0,360.0,1.0,Urban,0,3427.0
Male,No,0,Not Graduate,Yes,2583,2167.0,104.0,360.0,1.0,Rural,1,4750.0
Male,Yes,1,Not Graduate,No,2661,7101.0,279.0,180.0,1.0,Semiurban,1,9762.0
Male,No,0,Graduate,Yes,16250,0.0,192.0,360.0,0.0,Urban,0,16250.0
Female,No,3+,Graduate,No,3083,0.0,255.0,360.0,1.0,Rural,1,3083.0
Male,No,0,Not Graduate,No,6045,0.0,115.0,360.0,0.0,Rural,0,6045.0
Male,Yes,3+,Graduate,No,5250,0.0,94.0,360.0,1.0,Urban,0,5250.0
Male,Yes,0,Graduate,No,14683,2100.0,304.0,360.0,1.0,Rural,0,16783.0
Male,Yes,3+,Not Graduate,No,4931,0.0,128.0,360.0,1.0,Semiurban,0,4931.0
Male,Yes,1,Graduate,No,6083,4250.0,330.0,360.0,1.0,Urban,1,10333.0
Male,No,0,Graduate,No,2060,2209.0,134.0,360.0,1.0,Semiurban,1,4269.0
Female,No,1,Graduate,No,3481,0.0,155.0,36.0,1.0,Semiurban,0,3481.0
Female,No,0,Graduate,No,7200,0.0,120.0,360.0,1.0,Rural,1,7200.0
Male,No,0,Graduate,Yes,5166,0.0,128.0,360.0,1.0,Semiurban,1,5166.0
Male,No,0,Graduate,No,4095,3447.0,151.0,360.0,1.0,Rural,1,7542.0
Male,Yes,2,Graduate,No,4708,1387.0,150.0,360.0,1.0,Semiurban,1,6095.0
Male,Yes,3+,Graduate,No,4333,1811.0,160.0,360.0,0.0,Urban,1,6144.0
Female,No,0,Graduate,No,3418,0.0,135.0,360.0,1.0,Rural,0,3418.0
Female,No,1,Graduate,No,2876,1560.0,90.0,360.0,1.0,Urban,1,4436.0
Female,No,0,Graduate,No,3237,0.0,30.0,360.0,1.0,Urban,1,3237.0
Male,Yes,0,Graduate,No,11146,0.0,136.0,360.0,1.0,Urban,1,11146.0
Male,No,0,Graduate,No,2833,1857.0,126.0,360.0,1.0,Rural,1,4690.0
Male,Yes,0,Graduate,No,2620,2223.0,150.0,360.0,1.0,Semiurban,1,4843.0
Male,Yes,2,Graduate,No,3900,0.0,90.0,360.0,1.0,Semiurban,1,3900.0
Male,Yes,1,Graduate,No,2750,1842.0,115.0,360.0,1.0,Semiurban,1,4592.0
Male,Yes,0,Graduate,No,3993,3274.0,207.0,360.0,1.0,Semiurban,1,7267.0
Male,Yes,0,Graduate,No,3103,1300.0,80.0,360.0,1.0,Urban,1,4403.0
Male,Yes,0,Graduate,No,14583,0.0,436.0,360.0,1.0,Semiurban,1,14583.0
Female,Yes,0,Not Graduate,No,4100,0.0,124.0,360.0,1.0,Rural,1,4100.0
Male,No,1,Not Graduate,Yes,4053,2426.0,158.0,360.0,0.0,Urban,0,6479.0
Male,Yes,0,Graduate,No,3927,800.0,112.0,360.0,1.0,Semiurban,1,4727.0
Male,Yes,2,Graduate,No,2301,985.7999878,78.0,180.0,1.0,Urban,1,3286.7999878
Female,No,0,Graduate,No,1811,1666.0,54.0,360.0,1.0,Urban,1,3477.0
Male,Yes,0,Graduate,No,20667,0.0,128.0,360.0,1.0,Rural,0,20667.0
Male,No,0,Graduate,No,3158,3053.0,89.0,360.0,1.0,Rural,1,6211.0
Female,No,0,Graduate,Yes,2600,1717.0,99.0,300.0,1.0,Semiurban,0,4317.0
Male,Yes,0,Graduate,No,3704,2000.0,120.0,360.0,1.0,Rural,1,5704.0
Female,No,0,Graduate,No,4124,0.0,115.0,360.0,1.0,Semiurban,1,4124.0
Male,No,0,Graduate,No,9508,0.0,187.0,360.0,1.0,Rural,1,9508.0
Male,Yes,0,Graduate,No,3075,2416.0,139.0,360.0,1.0,Rural,1,5491.0
Male,Yes,2,Graduate,No,4400,0.0,127.0,360.0,0.0,Semiurban,0,4400.0
Male,Yes,2,Graduate,No,3153,1560.0,134.0,360.0,1.0,Urban,1,4713.0
Female,No,0,Graduate,No,5417,0.0,143.0,480.0,0.0,Urban,0,5417.0
Male,Yes,0,Graduate,No,2383,3334.0,172.0,360.0,1.0,Semiurban,1,5717.0
Male,Yes,3+,Graduate,No,4416,1250.0,110.0,360.0,1.0,Urban,1,5666.0
Male,Yes,1,Graduate,No,6875,0.0,200.0,360.0,1.0,Semiurban,1,6875.0
Female,Yes,1,Graduate,No,4666,0.0,135.0,360.0,1.0,Urban,1,4666.0
Female,No,0,Graduate,No,5000,2541.0,151.0,480.0,1.0,Rural,0,7541.0
Male,Yes,1,Graduate,No,2014,2925.0,113.0,360.0,1.0,Urban,0,4939.0
Male,Yes,0,Not Graduate,No,1800,2934.0,93.0,360.0,0.0,Urban,0,4734.0
Male,Yes,0,Not Graduate,No,2875,1750.0,105.0,360.0,1.0,Semiurban,1,4625.0
Female,No,0,Graduate,No,5000,0.0,132.0,360.0,1.0,Rural,1,5000.0
Male,Yes,1,Graduate,No,1625,1803.0,96.0,360.0,1.0,Urban,1,3428.0
Male,No,0,Graduate,No,4000,2500.0,140.0,360.0,1.0,Rural,1,6500.0
Male,No,0,Not Graduate,No,2000,0.0,128.0,360.0,1.0,Urban,0,2000.0
Female,No,0,Graduate,No,3762,1666.0,135.0,360.0,1.0,Rural,1,5428.0
Female,No,0,Graduate,No,2400,1863.0,104.0,360.0,0.0,Urban,0,4263.0
Male,No,0,Graduate,No,20233,0.0,480.0,360.0,1.0,Rural,0,20233.0
Male,Yes,2,Not Graduate,No,7667,0.0,185.0,360.0,1.0,Rural,1,7667.0
Female,No,0,Graduate,No,2917,0.0,84.0,360.0,1.0,Semiurban,1,2917.0
Male,No,0,Not Graduate,No,2927,2405.0,111.0,360.0,1.0,Semiurban,1,5332.0
Female,No,0,Graduate,No,2507,0.0,56.0,360.0,1.0,Rural,1,2507.0
Male,Yes,2,Graduate,Yes,5746,0.0,144.0,84.0,1.0,Rural,1,5746.0
Male,Yes,0,Graduate,No,2473,1843.0,159.0,360.0,1.0,Rural,0,4316.0
Male,Yes,1,Not Graduate,No,3399,1640.0,111.0,180.0,1.0,Urban,1,5039.0
Male,Yes,2,Graduate,No,3717,0.0,120.0,360.0,1.0,Semiurban,1,3717.0
Male,Yes,0,Graduate,No,2058,2134.0,88.0,360.0,1.0,Urban,1,4192.0
Female,No,1,Graduate,No,3541,0.0,112.0,360.0,1.0,Semiurban,1,3541.0
Male,Yes,1,Graduate,Yes,10000,0.0,155.0,360.0,1.0,Rural,0,10000.0
Male,Yes,0,Graduate,No,2400,2167.0,115.0,360.0,1.0,Semiurban,1,4567.0
Male,Yes,3+,Graduate,No,4342,189.0,124.0,360.0,1.0,Semiurban,1,4531.0
Male,Yes,2,Not Graduate,No,3601,1590.0,128.0,360.0,1.0,Rural,1,5191.0
Female,No,0,Graduate,No,3166,2985.0,132.0,360.0,1.0,Rural,1,6151.0
Male,Yes,3+,Graduate,No,15000,0.0,300.0,360.0,1.0,Rural,1,15000.0
Male,Yes,1,Graduate,Yes,8666,4983.0,376.0,360.0,0.0,Rural,0,13649.0
Male,No,0,Graduate,No,4917,0.0,130.0,360.0,0.0,Rural,1,4917.0
Male,Yes,0,Graduate,Yes,5818,2160.0,184.0,360.0,1.0,Semiurban,1,7978.0
Female,Yes,0,Graduate,No,4333,2451.0,110.0,360.0,1.0,Urban,0,6784.0
Female,No,0,Graduate,No,2500,0.0,67.0,360.0,1.0,Urban,1,2500.0
Male,No,1,Graduate,No,4384,1793.0,117.0,360.0,1.0,Urban,1,6177.0
Male,No,0,Graduate,No,2935,0.0,98.0,360.0,1.0,Semiurban,1,2935.0
Male,No,0,Graduate,No,2833,0.0,71.0,360.0,1.0,Urban,1,2833.0
Male,Yes,0,Graduate,No,63337,0.0,490.0,180.0,1.0,Urban,1,63337.0
Male,Yes,1,Graduate,Yes,9833,1833.0,182.0,180.0,1.0,Urban,1,11666.0
Male,Yes,0,Graduate,Yes,5503,4490.0,70.0,360.0,1.0,Semiurban,1,9993.0
Male,Yes,1,Graduate,No,5250,688.0,160.0,360.0,1.0,Rural,1,5938.0
Male,Yes,2,Graduate,Yes,2500,4600.0,176.0,360.0,1.0,Rural,1,7100.0
Female,No,3+,Not Graduate,No,1830,0.0,128.0,360.0,0.0,Urban,0,1830.0
Female,No,0,Graduate,No,4160,0.0,71.0,360.0,1.0,Semiurban,1,4160.0
Male,Yes,3+,Not Graduate,No,2647,1587.0,173.0,360.0,1.0,Rural,0,4234.0
Female,No,0,Graduate,No,2378,0.0,46.0,360.0,1.0,Rural,0,2378.0
Male,Yes,1,Not Graduate,No,4554,1229.0,158.0,360.0,1.0,Urban,1,5783.0
Male,Yes,3+,Not Graduate,No,3173,0.0,74.0,360.0,1.0,Semiurban,1,3173.0
Male,Yes,2,Graduate,No,2583,2330.0,125.0,360.0,1.0,Rural,1,4913.0
Male,Yes,0,Graduate,No,2499,2458.0,160.0,360.0,1.0,Semiurban,1,4957.0
Male,Yes,0,Not Graduate,No,3523,3230.0,152.0,360.0,0.0,Rural,0,6753.0
Male,Yes,2,Not Graduate,No,3083,2168.0,126.0,360.0,1.0,Urban,1,5251.0
Male,Yes,0,Graduate,No,6333,4583.0,259.0,360.0,1.0,Semiurban,1,10916.0
Male,Yes,0,Graduate,No,2625,6250.0,187.0,360.0,1.0,Rural,1,8875.0
Male,Yes,0,Graduate,No,9083,0.0,228.0,360.0,1.0,Semiurban,1,9083.0
Male,No,0,Graduate,No,8750,4167.0,308.0,360.0,1.0,Rural,0,12917.0
Male,Yes,3+,Graduate,No,2666,2083.0,95.0,360.0,1.0,Rural,1,4749.0
Female,Yes,0,Graduate,Yes,5500,0.0,105.0,360.0,0.0,Rural,0,5500.0
Female,Yes,0,Graduate,No,2423,505.0,130.0,360.0,1.0,Semiurban,1,2928.0
Female,No,0,Graduate,No,3813,0.0,116.0,180.0,1.0,Urban,1,3813.0
Male,Yes,2,Graduate,No,8333,3167.0,165.0,360.0,1.0,Rural,1,11500.0
Male,Yes,1,Graduate,No,3875,0.0,67.0,360.0,1.0,Urban,0,3875.0
Male,Yes,0,Not Graduate,No,3000,1666.0,100.0,480.0,0.0,Urban,0,4666.0
Male,Yes,3+,Graduate,No,5167,3167.0,200.0,360.0,1.0,Semiurban,1,8334.0
Female,No,1,Graduate,No,4723,0.0,81.0,360.0,1.0,Semiurban,0,4723.0
Male,Yes,2,Graduate,No,5000,3667.0,236.0,360.0,1.0,Semiurban,1,8667.0
Male,Yes,0,Graduate,No,4750,2333.0,130.0,360.0,1.0,Urban,1,7083.0
Male,Yes,0,Graduate,No,3013,3033.0,95.0,300.0,1.0,Urban,1,6046.0
Male,No,0,Graduate,Yes,6822,0.0,141.0,360.0,1.0,Rural,1,6822.0
Male,No,0,Not Graduate,No,6216,0.0,133.0,360.0,1.0,Rural,0,6216.0
Male,No,0,Graduate,No,2500,0.0,96.0,480.0,1.0,Semiurban,0,2500.0
Male,No,0,Graduate,No,5124,0.0,124.0,360.0,0.0,Rural,0,5124.0
Male,Yes,1,Graduate,No,6325,0.0,175.0,360.0,1.0,Semiurban,1,6325.0
Male,Yes,0,Graduate,No,19730,5266.0,570.0,360.0,1.0,Rural,0,24996.0
Female,No,0,Graduate,Yes,15759,0.0,55.0,360.0,1.0,Semiurban,1,15759.0
Male,Yes,2,Graduate,No,5185,0.0,155.0,360.0,1.0,Semiurban,1,5185.0
Male,Yes,2,Graduate,Yes,9323,7873.0,380.0,300.0,1.0,Rural,1,17196.0
Male,No,1,Graduate,No,3062,1987.0,111.0,180.0,0.0,Urban,0,5049.0
Female,No,0,Graduate,No,2764,1459.0,110.0,360.0,1.0,Urban,1,4223.0
Male,Yes,0,Graduate,No,4817,923.0,120.0,180.0,1.0,Urban,1,5740.0
Male,Yes,3+,Graduate,No,8750,4996.0,130.0,360.0,1.0,Rural,1,13746.0
Male,Yes,0,Graduate,No,4310,0.0,130.0,360.0,1.0,Semiurban,1,4310.0
Male,No,0,Graduate,No,3069,0.0,71.0,480.0,1.0,Urban,0,3069.0
Male,Yes,2,Graduate,No,5391,0.0,130.0,360.0,1.0,Urban,1,5391.0
Male,Yes,0,Graduate,No,3333,2500.0,128.0,360.0,1.0,Semiurban,1,5833.0
Male,No,0,Graduate,No,5941,4232.0,296.0,360.0,1.0,Semiurban,1,10173.0
Female,No,0,Graduate,No,6000,0.0,156.0,360.0,1.0,Urban,1,6000.0
Male,No,0,Graduate,Yes,7167,0.0,128.0,360.0,1.0,Urban,1,7167.0
Male,Yes,2,Graduate,No,4566,0.0,100.0,360.0,1.0,Urban,0,4566.0
Male,No,1,Graduate,No,3667,0.0,113.0,180.0,1.0,Urban,1,3667.0
Male,No,0,Not Graduate,No,2346,1600.0,132.0,360.0,1.0,Semiurban,1,3946.0
Male,Yes,0,Not Graduate,No,3010,3136.0,128.0,360.0,0.0,Urban,0,6146.0
Male,Yes,0,Graduate,No,2333,2417.0,136.0,360.0,1.0,Urban,1,4750.0
Male,Yes,0,Graduate,No,5488,0.0,125.0,360.0,1.0,Rural,1,5488.0
Male,No,3+,Graduate,No,9167,0.0,185.0,360.0,1.0,Rural,1,9167.0
Male,Yes,3+,Graduate,No,9504,0.0,275.0,360.0,1.0,Rural,1,9504.0
Male,Yes,0,Graduate,No,2583,2115.0,120.0,360.0,1.0,Urban,1,4698.0
Male,Yes,2,Not Graduate,No,1993,1625.0,113.0,180.0,1.0,Semiurban,1,3618.0
Male,Yes,2,Graduate,No,3100,1400.0,113.0,360.0,1.0,Urban,1,4500.0
Male,Yes,2,Graduate,No,3276,484.0,135.0,360.0,1.0,Semiurban,1,3760.0
Female,No,0,Graduate,No,3180,0.0,71.0,360.0,0.0,Urban,0,3180.0
Male,Yes,0,Graduate,No,3033,1459.0,95.0,360.0,1.0,Urban,1,4492.0
Male,No,0,Not Graduate,No,3902,1666.0,109.0,360.0,1.0,Rural,1,5568.0
Female,No,0,Graduate,No,1500,1800.0,103.0,360.0,0.0,Semiurban,0,3300.0
Male,Yes,2,Not Graduate,No,2889,0.0,45.0,180.0,0.0,Urban,0,2889.0
Male,No,0,Not Graduate,No,2755,0.0,65.0,300.0,1.0,Rural,0,2755.0
Male,No,0,Graduate,No,2500,20000.0,103.0,360.0,1.0,Semiurban,1,22500.0
Female,No,0,Not Graduate,No,1963,0.0,53.0,360.0,1.0,Semiurban,1,1963.0
Female,No,0,Graduate,Yes,7441,0.0,194.0,360.0,1.0,Rural,0,7441.0
Female,No,0,Graduate,No,4547,0.0,115.0,360.0,1.0,Semiurban,1,4547.0
Male,Yes,0,Not Graduate,No,2167,2400.0,115.0,360.0,1.0,Urban,1,4567.0
Female,No,0,Not Graduate,No,2213,0.0,66.0,360.0,1.0,Rural,1,2213.0
Male,Yes,1,Graduate,No,8300,0.0,152.0,300.0,0.0,Semiurban,0,8300.0
Male,Yes,3+,Graduate,No,81000,0.0,360.0,360.0,0.0,Rural,0,81000.0
Female,No,1,Not Graduate,Yes,3867,0.0,62.0,360.0,1.0,Semiurban,0,3867.0
Male,Yes,0,Graduate,No,6256,0.0,160.0,360.0,1.0,Urban,1,6256.0
Male,Yes,0,Not Graduate,No,6096,0.0,218.0,360.0,0.0,Rural,0,6096.0
Male,Yes,0,Not Graduate,No,2253,2033.0,110.0,360.0,1.0,Rural,1,4286.0
Female,Yes,0,Not Graduate,No,2149,3237.0,178.0,360.0,0.0,Semiurban,0,5386.0
Female,No,0,Graduate,No,2995,0.0,60.0,360.0,1.0,Urban,1,2995.0
Female,No,1,Graduate,No,2600,0.0,160.0,360.0,1.0,Urban,0,2600.0
Male,Yes,2,Graduate,Yes,1600,20000.0,239.0,360.0,1.0,Urban,0,21600.0
Male,Yes,0,Graduate,No,1025,2773.0,112.0,360.0,1.0,Rural,1,3798.0
Male,Yes,0,Graduate,No,3246,1417.0,138.0,360.0,1.0,Semiurban,1,4663.0
Male,Yes,0,Graduate,No,5829,0.0,138.0,360.0,1.0,Rural,1,5829.0
Female,No,0,Not Graduate,No,2720,0.0,80.0,360.0,0.0,Urban,0,2720.0
Male,Yes,0,Graduate,No,1820,1719.0,100.0,360.0,1.0,Urban,1,3539.0
Male,Yes,1,Graduate,No,7250,1667.0,110.0,360.0,0.0,Urban,0,8917.0
Male,Yes,0,Graduate,No,14880,0.0,96.0,360.0,1.0,Semiurban,1,14880.0
Male,Yes,0,Graduate,No,2666,4300.0,121.0,360.0,1.0,Rural,1,6966.0
Female,No,1,Not Graduate,No,4606,0.0,81.0,360.0,1.0,Rural,0,4606.0
Male,Yes,2,Graduate,No,5935,0.0,133.0,360.0,1.0,Semiurban,1,5935.0
Male,Yes,0,Graduate,No,2920,16.12000084,87.0,360.0,1.0,Rural,1,2936.12000084
Male,No,0,Not Graduate,No,2717,0.0,60.0,180.0,1.0,Urban,1,2717.0
Female,No,1,Graduate,Yes,8624,0.0,150.0,360.0,1.0,Semiurban,1,8624.0
Male,No,0,Graduate,No,6500,0.0,105.0,360.0,0.0,Rural,0,6500.0
Male,No,0,Graduate,No,12876,0.0,405.0,360.0,1.0,Semiurban,1,12876.0
Male,Yes,0,Graduate,No,2425,2340.0,143.0,360.0,1.0,Semiurban,1,4765.0
Male,No,0,Graduate,No,3750,0.0,100.0,360.0,1.0,Urban,1,3750.0
Female,Yes,0,Graduate,No,10047,0.0,128.0,240.0,1.0,Semiurban,1,10047.0
Male,No,0,Graduate,No,1926,1851.0,50.0,360.0,1.0,Semiurban,1,3777.0
Male,Yes,0,Graduate,No,2213,1125.0,128.0,360.0,1.0,Urban,1,3338.0
Male,No,0,Graduate,Yes,10416,0.0,187.0,360.0,0.0,Urban,0,10416.0
Female,Yes,0,Not Graduate,Yes,7142,0.0,138.0,360.0,1.0,Rural,1,7142.0
Male,No,0,Graduate,No,3660,5064.0,187.0,360.0,1.0,Semiurban,1,8724.0
Male,Yes,0,Graduate,No,7901,1833.0,180.0,360.0,1.0,Rural,1,9734.0
Male,No,3+,Not Graduate,No,4707,1993.0,148.0,360.0,1.0,Semiurban,1,6700.0
Male,No,1,Graduate,No,37719,0.0,152.0,360.0,1.0,Semiurban,1,37719.0
Male,Yes,0,Graduate,No,7333,8333.0,175.0,300.0,1.0,Rural,1,15666.0
Male,Yes,1,Graduate,Yes,3466,1210.0,130.0,360.0,1.0,Rural,1,4676.0
Male,Yes,2,Not Graduate,No,4652,0.0,110.0,360.0,1.0,Rural,1,4652.0
Male,Yes,0,Graduate,No,3539,1376.0,55.0,360.0,1.0,Rural,0,4915.0
Male,Yes,2,Graduate,No,3340,1710.0,150.0,360.0,0.0,Rural,0,5050.0
Male,No,1,Not Graduate,Yes,2769,1542.0,190.0,360.0,1.0,Semiurban,0,4311.0
Male,Yes,2,Not Graduate,No,2309,1255.0,125.0,360.0,0.0,Rural,0,3564.0
Male,Yes,2,Not Graduate,No,1958,1456.0,60.0,300.0,1.0,Urban,1,3414.0
Male,Yes,0,Graduate,No,3948,1733.0,149.0,360.0,0.0,Rural,0,5681.0
Male,Yes,0,Graduate,No,2483,2466.0,90.0,180.0,0.0,Rural,1,4949.0
Male,No,0,Graduate,Yes,7085,0.0,84.0,360.0,1.0,Semiurban,1,7085.0
Male,Yes,2,Graduate,No,3859,0.0,96.0,360.0,1.0,Semiurban,1,3859.0
Male,Yes,0,Graduate,No,4301,0.0,118.0,360.0,1.0,Urban,1,4301.0
Male,Yes,0,Graduate,No,3708,2569.0,173.0,360.0,1.0,Urban,0,6277.0
Male,No,2,Graduate,No,4354,0.0,136.0,360.0,1.0,Rural,1,4354.0
Male,Yes,0,Graduate,No,8334,0.0,160.0,360.0,1.0,Semiurban,0,8334.0
Male,Yes,0,Graduate,Yes,2083,4083.0,160.0,360.0,1.0,Semiurban,1,6166.0
Male,Yes,3+,Graduate,No,7740,0.0,128.0,180.0,1.0,Urban,1,7740.0
Male,Yes,0,Graduate,No,3015,2188.0,153.0,360.0,1.0,Rural,1,5203.0
Female,No,1,Not Graduate,No,5191,0.0,132.0,360.0,1.0,Semiurban,1,5191.0
Male,No,0,Graduate,No,4166,0.0,98.0,360.0,0.0,Semiurban,0,4166.0
Male,No,0,Graduate,No,6000,0.0,140.0,360.0,1.0,Rural,1,6000.0
Male,Yes,3+,Not Graduate,No,2947,1664.0,70.0,180.0,0.0,Urban,0,4611.0
Male,Yes,0,Graduate,No,16692,0.0,110.0,360.0,1.0,Semiurban,1,16692.0
Female,Yes,2,Not Graduate,No,210,2917.0,98.0,360.0,1.0,Semiurban,1,3127.0
Male,Yes,0,Graduate,No,4333,2451.0,110.0,360.0,1.0,Urban,0,6784.0
Male,Yes,1,Graduate,Yes,3450,2079.0,162.0,360.0,1.0,Semiurban,1,5529.0
Male,Yes,1,Not Graduate,No,2653,1500.0,113.0,180.0,0.0,Rural,0,4153.0
Male,Yes,3+,Graduate,No,4691,0.0,100.0,360.0,1.0,Semiurban,1,4691.0
Female,No,0,Graduate,Yes,2500,0.0,93.0,360.0,1.0,Urban,1,2500.0
Male,No,2,Graduate,No,5532,4648.0,162.0,360.0,1.0,Rural,1,10180.0
Male,Yes,2,Graduate,Yes,16525,1014.0,150.0,360.0,1.0,Rural,1,17539.0
Male,Yes,2,Graduate,No,6700,1750.0,230.0,300.0,1.0,Semiurban,1,8450.0
Male,Yes,2,Graduate,No,2873,1872.0,132.0,360.0,0.0,Semiurban,0,4745.0
Male,Yes,1,Graduate,Yes,16667,2250.0,86.0,360.0,1.0,Semiurban,1,18917.0
Male,Yes,2,Graduate,No,2947,1603.0,128.0,360.0,1.0,Urban,0,4550.0
Female,No,0,Not Graduate,No,4350,0.0,154.0,360.0,1.0,Rural,1,4350.0
Male,Yes,3+,Not Graduate,No,3095,0.0,113.0,360.0,1.0,Rural,1,3095.0
Male,Yes,0,Graduate,No,2083,3150.0,128.0,360.0,1.0,Semiurban,1,5233.0
Male,Yes,0,Graduate,No,10833,0.0,234.0,360.0,1.0,Semiurban,1,10833.0
Male,Yes,2,Graduate,No,8333,0.0,246.0,360.0,1.0,Semiurban,1,8333.0
Male,Yes,1,Not Graduate,No,1958,2436.0,131.0,360.0,1.0,Rural,1,4394.0
Male,No,2,Graduate,No,3547,0.0,80.0,360.0,0.0,Rural,0,3547.0
Male,Yes,1,Graduate,No,18333,0.0,500.0,360.0,1.0,Urban,0,18333.0
Male,Yes,2,Graduate,Yes,4583,2083.0,160.0,360.0,1.0,Semiurban,1,6666.0
Male,No,0,Graduate,No,2435,0.0,75.0,360.0,1.0,Urban,0,2435.0
Male,No,0,Not Graduate,No,2699,2785.0,96.0,360.0,1.0,Semiurban,1,5484.0
Male,Yes,1,Not Graduate,No,5333,1131.0,186.0,360.0,1.0,Urban,1,6464.0
Male,No,0,Not Graduate,No,3691,0.0,110.0,360.0,1.0,Rural,1,3691.0
Female,No,0,Not Graduate,Yes,17263,0.0,225.0,360.0,1.0,Semiurban,1,17263.0
Male,Yes,0,Graduate,No,3597,2157.0,119.0,360.0,0.0,Rural,0,5754.0
Female,Yes,1,Graduate,No,3326,913.0,105.0,84.0,1.0,Semiurban,1,4239.0
Male,Yes,0,Not Graduate,No,2600,1700.0,107.0,360.0,1.0,Rural,1,4300.0
Male,Yes,0,Graduate,No,4625,2857.0,111.0,12.0,1.0,Urban,1,7482.0
Male,Yes,1,Graduate,Yes,2895,0.0,95.0,360.0,1.0,Semiurban,1,2895.0
Male,No,0,Graduate,No,6283,4416.0,209.0,360.0,0.0,Rural,0,10699.0
Female,No,0,Graduate,No,645,3683.0,113.0,480.0,1.0,Rural,1,4328.0
Female,No,0,Graduate,No,3159,0.0,100.0,360.0,1.0,Semiurban,1,3159.0
Male,Yes,2,Graduate,No,4865,5624.0,208.0,360.0,1.0,Semiurban,1,10489.0
Male,Yes,1,Not Graduate,No,4050,5302.0,138.0,360.0,1.0,Rural,0,9352.0
Male,Yes,0,Not Graduate,No,3814,1483.0,124.0,300.0,1.0,Semiurban,1,5297.0
Male,Yes,2,Graduate,No,3510,4416.0,243.0,360.0,1.0,Rural,1,7926.0
Male,Yes,0,Graduate,No,20833,6667.0,480.0,360.0,1.0,Urban,1,27500.0
Male,No,0,Graduate,No,3583,0.0,96.0,360.0,1.0,Urban,0,3583.0
Male,Yes,0,Graduate,Yes,2479,3013.0,188.0,360.0,1.0,Urban,1,5492.0
Female,No,1,Graduate,No,13262,0.0,40.0,360.0,1.0,Urban,1,13262.0
Male,No,0,Not Graduate,No,3598,1287.0,100.0,360.0,1.0,Rural,0,4885.0
Male,Yes,1,Graduate,No,6065,2004.0,250.0,360.0,1.0,Semiurban,1,8069.0
Male,Yes,2,Graduate,No,3283,2035.0,148.0,360.0,1.0,Urban,1,5318.0
Male,Yes,0,Graduate,No,2130,6666.0,70.0,180.0,1.0,Semiurban,0,8796.0
Male,No,0,Graduate,No,5815,3666.0,311.0,360.0,1.0,Rural,0,9481.0
Male,Yes,3+,Graduate,No,3466,3428.0,150.0,360.0,1.0,Rural,1,6894.0
Female,Yes,2,Graduate,No,2031,1632.0,113.0,480.0,1.0,Semiurban,1,3663.0
Male,Yes,0,Not Graduate,No,3074,1800.0,123.0,360.0,0.0,Semiurban,0,4874.0
Male,No,0,Graduate,No,4683,1915.0,185.0,360.0,1.0,Semiurban,0,6598.0
Female,No,0,Not Graduate,No,3400,0.0,95.0,360.0,1.0,Rural,0,3400.0
Male,Yes,2,Not Graduate,No,2192,1742.0,45.0,360.0,1.0,Semiurban,1,3934.0
Male,No,0,Graduate,No,2500,0.0,55.0,360.0,1.0,Semiurban,1,2500.0
Male,Yes,3+,Graduate,Yes,5677,1424.0,100.0,360.0,1.0,Rural,1,7101.0
Male,Yes,2,Graduate,Yes,7948,7166.0,480.0,360.0,1.0,Rural,1,15114.0
Male,No,0,Graduate,No,4680,2087.0,128.0,360.0,1.0,Semiurban,0,6767.0
Male,Yes,2,Graduate,Yes,17500,0.0,400.0,360.0,1.0,Rural,1,17500.0
Male,Yes,0,Graduate,No,3775,0.0,110.0,360.0,1.0,Semiurban,1,3775.0
Male,Yes,1,Not Graduate,No,5285,1430.0,161.0,360.0,0.0,Semiurban,1,6715.0
Male,No,1,Not Graduate,No,2679,1302.0,94.0,360.0,1.0,Semiurban,1,3981.0
Male,No,0,Not Graduate,No,6783,0.0,130.0,360.0,1.0,Semiurban,1,6783.0
Male,Yes,0,Graduate,No,1025,5500.0,216.0,360.0,1.0,Rural,1,6525.0
Male,Yes,3+,Graduate,No,4281,0.0,100.0,360.0,1.0,Urban,1,4281.0
Male,No,2,Graduate,No,3588,0.0,110.0,360.0,0.0,Rural,0,3588.0
Male,No,1,Graduate,No,11250,0.0,196.0,360.0,1.0,Semiurban,0,11250.0
Female,No,0,Not Graduate,Yes,18165,0.0,125.0,360.0,1.0,Urban,1,18165.0
Male,No,0,Not Graduate,No,2550,2042.0,126.0,360.0,1.0,Rural,1,4592.0
Male,Yes,0,Graduate,No,6133,3906.0,324.0,360.0,1.0,Urban,1,10039.0
Male,No,2,Graduate,No,3617,0.0,107.0,360.0,1.0,Semiurban,1,3617.0
Male,Yes,0,Not Graduate,No,2917,536.0,66.0,360.0,1.0,Rural,0,3453.0
Male,Yes,3+,Graduate,No,6417,0.0,157.0,180.0,1.0,Rural,1,6417.0
Female,Yes,1,Graduate,No,4608,2845.0,140.0,180.0,1.0,Semiurban,1,7453.0
Female,No,0,Graduate,No,2138,0.0,99.0,360.0,0.0,Semiurban,0,2138.0
Female,No,1,Graduate,No,3652,0.0,95.0,360.0,1.0,Semiurban,1,3652.0
Male,Yes,1,Not Graduate,No,2239,2524.0,128.0,360.0,1.0,Urban,1,4763.0
Female,Yes,0,Not Graduate,No,3017,663.0,102.0,360.0,1.0,Semiurban,1,3680.0
Male,Yes,0,Graduate,No,2768,1950.0,155.0,360.0,1.0,Rural,1,4718.0
Male,No,0,Not Graduate,No,3358,0.0,80.0,36.0,1.0,Semiurban,0,3358.0
Male,No,0,Graduate,No,2526,1783.0,145.0,360.0,1.0,Rural,1,4309.0
Female,No,0,Graduate,No,5000,0.0,103.0,360.0,0.0,Semiurban,0,5000.0
Male,Yes,0,Graduate,No,2785,2016.0,110.0,360.0,1.0,Rural,1,4801.0
Male,Yes,2,Graduate,Yes,6633,0.0,128.0,360.0,0.0,Rural,0,6633.0
Male,Yes,1,Not Graduate,No,2492,2375.0,128.0,360.0,1.0,Rural,1,4867.0
Male,Yes,1,Graduate,No,3333,3250.0,158.0,360.0,1.0,Urban,1,6583.0
Male,Yes,0,Not Graduate,No,2454,2333.0,181.0,360.0,0.0,Urban,0,4787.0
Male,Yes,0,Graduate,No,3593,4266.0,132.0,180.0,0.0,Rural,0,7859.0
Male,Yes,1,Graduate,No,5468,1032.0,26.0,360.0,1.0,Semiurban,1,6500.0
Female,No,0,Graduate,No,2667,1625.0,84.0,360.0,1.0,Urban,1,4292.0
Male,Yes,3+,Graduate,Yes,10139,0.0,260.0,360.0,1.0,Semiurban,1,10139.0
Male,Yes,0,Graduate,No,3887,2669.0,162.0,360.0,1.0,Semiurban,1,6556.0
Female,Yes,0,Graduate,No,4180,2306.0,182.0,360.0,1.0,Semiurban,1,6486.0
Male,Yes,2,Not Graduate,No,3675,242.0,108.0,360.0,1.0,Semiurban,1,3917.0
Female,Yes,1,Graduate,Yes,19484,0.0,600.0,360.0,1.0,Semiurban,1,19484.0
Male,Yes,0,Graduate,No,5923,2054.0,211.0,360.0,1.0,Rural,1,7977.0
Male,No,0,Not Graduate,Yes,5800,0.0,132.0,360.0,1.0,Semiurban,1,5800.0
Male,Yes,2,Graduate,No,8799,0.0,258.0,360.0,0.0,Urban,0,8799.0
Male,Yes,0,Not Graduate,No,4467,0.0,120.0,360.0,1.0,Rural,1,4467.0
Male,No,0,Graduate,No,3333,0.0,70.0,360.0,1.0,Urban,1,3333.0
Male,Yes,3+,Graduate,No,3400,2500.0,123.0,360.0,0.0,Rural,0,5900.0
Female,No,0,Graduate,No,2378,0.0,9.0,360.0,1.0,Urban,0,2378.0
Male,Yes,0,Graduate,No,3166,2064.0,104.0,360.0,0.0,Urban,0,5230.0
Male,Yes,1,Graduate,No,3417,1750.0,186.0,360.0,1.0,Urban,1,5167.0
Male,Yes,0,Graduate,No,5116,1451.0,165.0,360.0,0.0,Urban,0,6567.0
Male,Yes,2,Graduate,No,16666,0.0,275.0,360.0,1.0,Urban,1,16666.0
Male,Yes,2,Not Graduate,No,6125,1625.0,187.0,480.0,1.0,Semiurban,0,7750.0
Male,Yes,3+,Graduate,No,6406,0.0,150.0,360.0,1.0,Semiurban,0,6406.0
Male,Yes,2,Graduate,No,3159,461.0,108.0,84.0,1.0,Urban,1,3620.0
Male,Yes,0,Graduate,No,3087,2210.0,136.0,360.0,0.0,Semiurban,0,5297.0
Male,No,0,Graduate,No,3229,2739.0,110.0,360.0,1.0,Urban,1,5968.0
Male,Yes,1,Graduate,No,1782,2232.0,107.0,360.0,1.0,Rural,1,4014.0
Male,No,0,Graduate,No,3182,2917.0,161.0,360.0,1.0,Urban,1,6099.0
Male,Yes,2,Graduate,No,6540,0.0,205.0,360.0,1.0,Semiurban,1,6540.0
Male,No,0,Graduate,No,1836,33837.0,90.0,360.0,1.0,Urban,0,35673.0
Female,Yes,0,Graduate,No,3166,0.0,36.0,360.0,1.0,Semiurban,1,3166.0
Male,Yes,1,Graduate,No,1880,0.0,61.0,360.0,1.0,Rural,0,1880.0
Male,Yes,1,Graduate,No,2787,1917.0,146.0,360.0,0.0,Rural,0,4704.0
Male,Yes,1,Graduate,No,4283,3000.0,172.0,84.0,1.0,Rural,0,7283.0
Male,Yes,0,Graduate,No,2297,1522.0,104.0,360.0,1.0,Urban,1,3819.0
Female,No,0,Not Graduate,No,2165,0.0,70.0,360.0,1.0,Semiurban,1,2165.0
Male,No,0,Graduate,No,4750,0.0,94.0,360.0,1.0,Semiurban,1,4750.0
Male,Yes,2,Graduate,Yes,2726,0.0,106.0,360.0,0.0,Semiurban,0,2726.0
Male,Yes,0,Graduate,No,3000,3416.0,56.0,180.0,1.0,Semiurban,1,6416.0
Male,Yes,2,Graduate,Yes,6000,0.0,205.0,240.0,1.0,Semiurban,0,6000.0
Male,No,3+,Graduate,Yes,9357,0.0,292.0,360.0,1.0,Semiurban,1,9357.0
Male,Yes,0,Graduate,No,3859,3300.0,142.0,180.0,1.0,Rural,1,7159.0
Male,Yes,0,Graduate,Yes,16120,0.0,260.0,360.0,1.0,Urban,1,16120.0
Male,No,0,Not Graduate,No,3833,0.0,110.0,360.0,1.0,Rural,1,3833.0
Male,Yes,2,Not Graduate,Yes,6383,1000.0,187.0,360.0,1.0,Rural,0,7383.0
Male,No,0,Graduate,No,2987,0.0,88.0,360.0,0.0,Semiurban,0,2987.0
Male,Yes,0,Graduate,Yes,9963,0.0,180.0,360.0,1.0,Rural,1,9963.0
Male,Yes,2,Graduate,No,5780,0.0,192.0,360.0,1.0,Urban,1,5780.0
Female,No,3+,Graduate,No,416,41667.0,350.0,180.0,1.0,Urban,0,42083.0
Male,Yes,0,Not Graduate,No,2894,2792.0,155.0,360.0,1.0,Rural,1,5686.0
Male,Yes,3+,Graduate,No,5703,0.0,128.0,360.0,1.0,Urban,1,5703.0
Male,No,0,Graduate,No,3676,4301.0,172.0,360.0,1.0,Rural,1,7977.0
Female,Yes,1,Graduate,No,12000,0.0,496.0,360.0,1.0,Semiurban,1,12000.0
Male,Yes,0,Not Graduate,No,2400,3800.0,128.0,180.0,1.0,Urban,0,6200.0
Male,Yes,1,Graduate,No,3400,2500.0,173.0,360.0,1.0,Semiurban,1,5900.0
Male,Yes,2,Not Graduate,No,3987,1411.0,157.0,360.0,1.0,Rural,1,5398.0
Male,Yes,0,Graduate,No,3232,1950.0,108.0,360.0,1.0,Rural,1,5182.0
Female,No,0,Graduate,No,2900,0.0,71.0,360.0,1.0,Rural,1,2900.0
Male,Yes,3+,Graduate,No,4106,0.0,40.0,180.0,1.0,Rural,1,4106.0
Male,Yes,1,Graduate,No,8072,240.0,253.0,360.0,1.0,Urban,1,8312.0
Male,Yes,2,Graduate,No,7583,0.0,187.0,360.0,1.0,Urban,1,7583.0
Female,No,0,Graduate,Yes,4583,0.0,133.0,360.0,0.0,Semiurban,0,4583.0
